title,authors,year,source,link,theme,pdf_available,abstract
Towards Interpretable Federated Learning,"Anran Li, Rui Liu, Ming Hu, Yuanyuan Chen, Shipeng Wang, Lizhen Cui, Han Yu",2023,arXiv,https://arxiv.org/abs/2302.13473v2,01_federated_learning_fundamentals,Y,"Federated learning (FL) enables multiple data owners to build machine learning models collaboratively without exposing their private local data. In order for FL to achieve widespread adoption, it is important to balance the need for performance, privacy-preservation and interpretability, especially in mission critical applications such as finance and healthcare. Thus, interpretable federated learning (IFL) has become an emerging topic of research attracting significant interest from the academia and the industry alike. Its interdisciplinary nature can be challenging for new researchers to pick up. In this paper, we bridge this gap by providing (to the best of our knowledge) the first survey on IFL. We propose a unique IFL taxonomy which covers relevant works enabling FL models to explain the prediction results, support model debugging, and provide insights into the contributions made by individual data owners or data samples, which in turn, is crucial for allocating rewards fairly to motivate active and reliable participation in FL. We conduct comprehensive analysis of the representative IFL approaches, the commonly adopted performance evaluation metrics, and promising directions towards building versatile IFL techniques."
Central Server Free Federated Learning over Single-sided Trust Social Networks,"Chaoyang He, Conghui Tan, Hanlin Tang, Shuang Qiu, Ji Liu",2019,arXiv,https://arxiv.org/abs/1910.04956v2,01_federated_learning_fundamentals,Y,"Federated learning has become increasingly important for modern machine learning, especially for data privacy-sensitive scenarios. Existing federated learning mostly adopts the central server-based architecture or centralized architecture. However, in many social network scenarios, centralized federated learning is not applicable (e.g., a central agent or server connecting all users may not exist, or the communication cost to the central server is not affordable). In this paper, we consider a generic setting: 1) the central server may not exist, and 2) the social network is unidirectional or of single-sided trust (i.e., user A trusts user B but user B may not trust user A). We propose a central server free federated learning algorithm, named Online Push-Sum (OPS) method, to handle this challenging but generic scenario. A rigorous regret analysis is also provided, which shows very interesting results on how users can benefit from communication with trusted users in the federated learning scenario. This work builds upon the fundamental algorithm framework and theoretical guarantees for federated learning in the generic social network scenario."
Towards Quantum Federated Learning,"Chao Ren, Rudai Yan, Huihui Zhu, Han Yu, Minrui Xu, Yuan Shen, Yan Xu, Ming Xiao, Zhao Yang Dong, Mikael Skoglund, Dusit Niyato, Leong Chuan Kwek",2023,arXiv,https://arxiv.org/abs/2306.09912v4,01_federated_learning_fundamentals,Y,"Quantum Federated Learning (QFL) is an emerging interdisciplinary field that merges the principles of Quantum Computing (QC) and Federated Learning (FL), with the goal of leveraging quantum technologies to enhance privacy, security, and efficiency in the learning process. Currently, there is no comprehensive survey for this interdisciplinary field. This review offers a thorough, holistic examination of QFL. We aim to provide a comprehensive understanding of the principles, techniques, and emerging applications of QFL. We discuss the current state of research in this rapidly evolving field, identify challenges and opportunities associated with integrating these technologies, and outline future directions and open research questions. We propose a unique taxonomy of QFL techniques, categorized according to their characteristics and the quantum techniques employed. As the field of QFL continues to progress, we can anticipate further breakthroughs and applications across various industries, driving innovation and addressing challenges related to data privacy, security, and resource optimization. This review serves as a first-of-its-kind comprehensive guide for researchers and practitioners interested in understanding and advancing the field of QFL."
Towards Open Federated Learning Platforms: Survey and Vision from Technical and Legal Perspectives,"Moming Duan, Qinbin Li, Linshan Jiang, Bingsheng He",2023,arXiv,https://arxiv.org/abs/2307.02140v3,01_federated_learning_fundamentals,Y,"Traditional Federated Learning (FL) follows a server-dominated cooperation paradigm which narrows the application scenarios of FL and decreases the enthusiasm of data holders to participate. To fully unleash the potential of FL, we advocate rethinking the design of current FL frameworks and extending it to a more generalized concept: Open Federated Learning Platforms, positioned as a crowdsourcing collaborative machine learning infrastructure for all Internet users. We propose two reciprocal cooperation frameworks to achieve this: query-based FL and contract-based FL. In this survey, we conduct a comprehensive review of the feasibility of constructing open FL platforms from both technical and legal perspectives. We begin by reviewing the definition of FL and summarizing its inherent limitations, including server-client coupling, low model reusability, and non-public. In particular, we introduce a novel taxonomy to streamline the analysis of model license compatibility in FL studies that involve batch model reusing methods, including combination, amalgamation, distillation, and generation. This taxonomy provides a feasible solution for identifying the corresponding licenses clauses and facilitates the analysis of potential legal implications and restrictions when reusing models. Through this survey, we uncover the current dilemmas faced by FL and advocate for the development of sustainable open FL platforms. We aim to provide guidance for establishing such platforms in the future while identifying potential limitations that need to be addressed."
Overcoming Challenges of Partial Client Participation in Federated Learning : A Comprehensive Review,"Mrinmay Sen, Shruti Aparna, Rohit Agarwal, Chalavadi Krishna Mohan",2025,arXiv,https://arxiv.org/abs/2506.02887v2,01_federated_learning_fundamentals,Y,"Federated Learning (FL) is a learning mechanism that falls under the distributed training umbrella, which collaboratively trains a shared global model without disclosing the raw data from different clients. This paper presents an extensive survey on the impact of partial client participation in federated learning. While much of the existing research focuses on addressing issues such as generalization, robustness, and fairness caused by data heterogeneity under the assumption of full client participation, limited attention has been given to the practical and theoretical challenges arising from partial client participation, which is common in real-world scenarios. This survey provides an in-depth review of existing FL methods designed to cope with partial client participation. We offer a comprehensive analysis supported by theoretical insights and empirical findings, along with a structured categorization of these methods, highlighting their respective advantages and disadvantages."
Survey of Privacy Threats and Countermeasures in Federated Learning,"Masahiro Hayashitani, Junki Mori, Isamu Teranishi",2024,arXiv,https://arxiv.org/abs/2402.00342v2,01_federated_learning_fundamentals,Y,"Federated learning is widely considered to be as a privacy-aware learning method because no training data is exchanged directly between clients. Nevertheless, there are threats to privacy in federated learning, and privacy countermeasures have been studied. However, we note that common and unique privacy threats among typical types of federated learning have not been categorized and described in a comprehensive and specific way. In this paper, we describe privacy threats and countermeasures for the typical types of federated learning; horizontal federated learning, vertical federated learning, and transfer federated learning."
A Review of Privacy-preserving Federated Learning for the Internet-of-Things,"Christopher Briggs, Zhong Fan, Peter Andras",2020,arXiv,https://arxiv.org/abs/2004.11794v2,01_federated_learning_fundamentals,Y,"The Internet-of-Things (IoT) generates vast quantities of data, much of it attributable to individuals' activity and behaviour. Gathering personal data and performing machine learning tasks on this data in a central location presents a significant privacy risk to individuals as well as challenges with communicating this data to the cloud. However, analytics based on machine learning and in particular deep learning benefit greatly from large amounts of data to develop high-performance predictive models. This work reviews federated learning as an approach for performing machine learning on distributed data with the goal of protecting the privacy of user-generated data as well as reducing communication costs associated with data transfer. We survey a wide variety of papers covering communication-efficiency, client heterogeneity and privacy preserving methods that are crucial for federated learning in the context of the IoT. Throughout this review, we identify the strengths and weaknesses of different methods applied to federated learning and finally, we outline future directions for privacy preserving federated learning research, particularly focusing on IoT applications."
Incentive-Based Federated Learning: Architectural Elements and Future Directions,"Chanuka A. S. Hewa Kaluannakkage, Rajkumar Buyya",2025,arXiv,https://arxiv.org/abs/2510.14208v2,01_federated_learning_fundamentals,Y,"Federated learning promises to revolutionize machine learning by enabling collaborative model training without compromising data privacy. However, practical adaptability can be limited by critical factors, such as the participation dilemma. Participating entities are often unwilling to contribute to a learning system unless they receive some benefits, or they may pretend to participate and free-ride on others. This chapter identifies the fundamental challenges in designing incentive mechanisms for federated learning systems. It examines how foundational concepts from economics and game theory can be applied to federated learning, alongside technology-driven solutions such as blockchain and deep reinforcement learning. This work presents a comprehensive taxonomy that thoroughly covers both centralized and decentralized architectures based on the aforementioned theoretical concepts. Furthermore, the concepts described are presented from an application perspective, covering emerging industrial applications, including healthcare, smart infrastructure, vehicular networks, and blockchain-based decentralized systems. Through this exploration, this chapter demonstrates that well-designed incentive mechanisms are not merely optional features but essential components for the practical success of federated learning. This analysis reveals both the promising solutions that have emerged and the significant challenges that remain in building truly sustainable, fair, and robust federated learning ecosystems."
Blockchain-Enabled Federated Learning,"Murtaza Rangwala, KR Venugopal, Rajkumar Buyya",2025,arXiv,https://arxiv.org/abs/2508.06406v4,01_federated_learning_fundamentals,Y,"Blockchain-enabled federated learning (BCFL) addresses fundamental challenges of trust, privacy, and coordination in collaborative AI systems. This chapter provides comprehensive architectural analysis of BCFL systems through a systematic four-dimensional taxonomy examining coordination structures, consensus mechanisms, storage architectures, and trust models. We analyze design patterns from blockchain-verified centralized coordination to fully decentralized peer-to-peer networks, evaluating trade-offs in scalability, security, and performance. Through detailed examination of consensus mechanisms designed for federated learning contexts, including Proof of Quality and Proof of Federated Learning, we demonstrate how computational work can be repurposed from arbitrary cryptographic puzzles to productive machine learning tasks. The chapter addresses critical storage challenges by examining multi-tier architectures that balance blockchain's transaction constraints with neural networks' large parameter requirements while maintaining cryptographic integrity. A technical case study of the TrustMesh framework illustrates practical implementation considerations in BCFL systems through distributed image classification training, demonstrating effective collaborative learning across IoT devices with highly non-IID data distributions while maintaining complete transparency and fault tolerance. Analysis of real-world deployments across healthcare consortiums, financial services, and IoT security applications validates the practical viability of BCFL systems, achieving performance comparable to centralized approaches while providing enhanced security guarantees and enabling new models of trustless collaborative intelligence."
Bayesian Federated Learning: A Survey,"Longbing Cao, Hui Chen, Xuhui Fan, Joao Gama, Yew-Soon Ong, Vipin Kumar",2023,arXiv,https://arxiv.org/abs/2304.13267v1,01_federated_learning_fundamentals,Y,"Federated learning (FL) demonstrates its advantages in integrating distributed infrastructure, communication, computing and learning in a privacy-preserving manner. However, the robustness and capabilities of existing FL methods are challenged by limited and dynamic data and conditions, complexities including heterogeneities and uncertainties, and analytical explainability. Bayesian federated learning (BFL) has emerged as a promising approach to address these issues. This survey presents a critical overview of BFL, including its basic concepts, its relations to Bayesian learning in the context of FL, and a taxonomy of BFL from both Bayesian and federated perspectives. We categorize and discuss client- and server-side and FL-based BFL methods and their pros and cons. The limitations of the existing BFL methods and the future directions of BFL research further address the intricate requirements of real-life FL applications."
Federated Learning without Full Labels: A Survey,"Yilun Jin, Yang Liu, Kai Chen, Qiang Yang",2023,arXiv,https://arxiv.org/abs/2303.14453v1,01_federated_learning_fundamentals,Y,"Data privacy has become an increasingly important concern in real-world big data applications such as machine learning. To address the problem, federated learning (FL) has been a promising solution to building effective machine learning models from decentralized and private data. Existing federated learning algorithms mainly tackle the supervised learning problem, where data are assumed to be fully labeled. However, in practice, fully labeled data is often hard to obtain, as the participants may not have sufficient domain expertise, or they lack the motivation and tools to label data. Therefore, the problem of federated learning without full labels is important in real-world FL applications. In this paper, we discuss how the problem can be solved with machine learning techniques that leverage unlabeled data. We present a survey of methods that combine FL with semi-supervised learning, self-supervised learning, and transfer learning methods. We also summarize the datasets used to evaluate FL methods without full labels. Finally, we highlight future directions in the context of FL without full labels."
Complex-valued Federated Learning with Differential Privacy and MRI Applications,"Anneliese Riess, Alexander Ziller, Stefan Kolek, Daniel Rueckert, Julia Schnabel, Georgios Kaissis",2021,arXiv,https://arxiv.org/abs/2110.03478v2,01_federated_learning_fundamentals,Y,"Federated learning enhanced with Differential Privacy (DP) is a powerful privacy-preserving strategy to protect individuals sharing their sensitive data for processing in fields such as medicine and healthcare. Many medical applications, for example magnetic resonance imaging (MRI), rely on complex-valued signal processing techniques for data acquisition and analysis. However, the appropriate application of DP to complex-valued data is still underexplored. To address this issue, from the theoretical side, we introduce the complex-valued Gaussian mechanism, whose behaviour we characterise in terms of $f$-DP, $(\varepsilon, δ)$-DP and Rényi-DP. Moreover, we generalise the fundamental algorithm DP stochastic gradient descent to complex-valued neural networks and present novel complex-valued neural network primitives compatible with DP. Experimentally, we showcase a proof-of-concept by training federated complex-valued neural networks with DP on a real-world task (MRI pulse sequence classification in $k$-space), yielding excellent utility and privacy. Our results highlight the relevance of combining federated learning with robust privacy-preserving techniques in the MRI context."
A Survey on Parameter-Efficient Fine-Tuning for Foundation Models in Federated Learning,"Jieming Bian, Yuanzhe Peng, Lei Wang, Yin Huang, Jie Xu",2025,arXiv,https://arxiv.org/abs/2504.21099v1,01_federated_learning_fundamentals,Y,"Foundation models have revolutionized artificial intelligence by providing robust, versatile architectures pre-trained on large-scale datasets. However, adapting these massive models to specific downstream tasks requires fine-tuning, which can be prohibitively expensive in computational resources. Parameter-Efficient Fine-Tuning (PEFT) methods address this challenge by selectively updating only a small subset of parameters. Meanwhile, Federated Learning (FL) enables collaborative model training across distributed clients without sharing raw data, making it ideal for privacy-sensitive applications. This survey provides a comprehensive review of the integration of PEFT techniques within federated learning environments. We systematically categorize existing approaches into three main groups: Additive PEFT (which introduces new trainable parameters), Selective PEFT (which fine-tunes only subsets of existing parameters), and Reparameterized PEFT (which transforms model architectures to enable efficient updates). For each category, we analyze how these methods address the unique challenges of federated settings, including data heterogeneity, communication efficiency, computational constraints, and privacy concerns. We further organize the literature based on application domains, covering both natural language processing and computer vision tasks. Finally, we discuss promising research directions, including scaling to larger foundation models, theoretical analysis of federated PEFT methods, and sustainable approaches for resource-constrained environments."
"Federated Learning for Healthcare Domain - Pipeline, Applications and Challenges","Madhura Joshi, Ankit Pal, Malaikannan Sankarasubbu",2022,arXiv,https://arxiv.org/abs/2211.07893v2,02_fl_in_healthcare,Y,"Federated learning is the process of developing machine learning models over datasets distributed across data centers such as hospitals, clinical research labs, and mobile devices while preventing data leakage. This survey examines previous research and studies on federated learning in the healthcare sector across a range of use cases and applications. Our survey shows what challenges, methods, and applications a practitioner should be aware of in the topic of federated learning. This paper aims to lay out existing research and list the possibilities of federated learning for healthcare industries."
VAFL: a Method of Vertical Asynchronous Federated Learning,"Tianyi Chen, Xiao Jin, Yuejiao Sun, Wotao Yin",2020,arXiv,https://arxiv.org/abs/2007.06081v1,02_fl_in_healthcare,Y,"Horizontal Federated learning (FL) handles multi-client data that share the same set of features, and vertical FL trains a better predictor that combine all the features from different clients. This paper targets solving vertical FL in an asynchronous fashion, and develops a simple FL method. The new method allows each client to run stochastic gradient algorithms without coordination with other clients, so it is suitable for intermittent connectivity of clients. This method further uses a new technique of perturbed local embedding to ensure data privacy and improve communication efficiency. Theoretically, we present the convergence rate and privacy level of our method for strongly convex, nonconvex and even nonsmooth objectives separately. Empirically, we apply our method to FL on various image and healthcare datasets. The results compare favorably to centralized and synchronous FL methods."
"Beyond Static Knowledge Messengers: Towards Adaptive, Fair, and Scalable Federated Learning for Medical AI","Jahidul Arafat, Fariha Tasmin, Sanjaya Poudel, Iftekhar Haider",2025,arXiv,https://arxiv.org/abs/2510.06259v2,02_fl_in_healthcare,Y,"Medical AI faces challenges in privacy-preserving collaborative learning while ensuring fairness across heterogeneous healthcare institutions. Current federated learning approaches suffer from static architectures, slow convergence (45-73 rounds), fairness gaps marginalizing smaller institutions, and scalability constraints (15-client limit). We propose Adaptive Fair Federated Learning (AFFL) through three innovations: (1) Adaptive Knowledge Messengers dynamically scaling capacity based on heterogeneity and task complexity, (2) Fairness-Aware Distillation using influence-weighted aggregation, and (3) Curriculum-Guided Acceleration reducing rounds by 60-70%. Our theoretical analysis provides convergence guarantees with epsilon-fairness bounds, achieving O(T^{-1/2}) + O(H_max/T^{3/4}) rates. Projected results show 55-75% communication reduction, 56-68% fairness improvement, 34-46% energy savings, and 100+ institution support. The framework enables multi-modal integration across imaging, genomics, EHR, and sensor data while maintaining HIPAA/GDPR compliance. We propose MedFedBench benchmark suite for standardized evaluation across six healthcare dimensions: convergence efficiency, institutional fairness, privacy preservation, multi-modal integration, scalability, and clinical deployment readiness. Economic projections indicate 400-800% ROI for rural hospitals and 15-25% performance gains for academic centers. This work presents a seven-question research agenda, 24-month implementation roadmap, and pathways toward democratizing healthcare AI."
Towards More Efficient Data Valuation in Healthcare Federated Learning using Ensembling,"Sourav Kumar, A. Lakshminarayanan, Ken Chang, Feri Guretno, Ivan Ho Mien, Jayashree Kalpathy-Cramer, Pavitra Krishnaswamy, Praveer Singh",2022,arXiv,https://arxiv.org/abs/2209.05424v1,02_fl_in_healthcare,Y,"Federated Learning (FL) wherein multiple institutions collaboratively train a machine learning model without sharing data is becoming popular. Participating institutions might not contribute equally, some contribute more data, some better quality data or some more diverse data. To fairly rank the contribution of different institutions, Shapley value (SV) has emerged as the method of choice. Exact SV computation is impossibly expensive, especially when there are hundreds of contributors. Existing SV computation techniques use approximations. However, in healthcare where the number of contributing institutions are likely not of a colossal scale, computing exact SVs is still exorbitantly expensive, but not impossible. For such settings, we propose an efficient SV computation technique called SaFE (Shapley Value for Federated Learning using Ensembling). We empirically show that SaFE computes values that are close to exact SVs, and that it performs better than current SV approximations. This is particularly relevant in medical imaging setting where widespread heterogeneity across institutions is rampant and fast accurate data valuation is required to determine the contribution of each participant in multi-institutional collaborative learning."
Federated Learning in Distributed Medical Databases: Meta-Analysis of Large-Scale Subcortical Brain Data,"Santiago Silva, Boris Gutman, Eduardo Romero, Paul M Thompson, Andre Altmann, Marco Lorenzi",2018,arXiv,https://arxiv.org/abs/1810.08553v4,02_fl_in_healthcare,Y,"At this moment, databanks worldwide contain brain images of previously unimaginable numbers. Combined with developments in data science, these massive data provide the potential to better understand the genetic underpinnings of brain diseases. However, different datasets, which are stored at different institutions, cannot always be shared directly due to privacy and legal concerns, thus limiting the full exploitation of big data in the study of brain disorders. Here we propose a federated learning framework for securely accessing and meta-analyzing any biomedical data without sharing individual information. We illustrate our framework by investigating brain structural relationships across diseases and clinical cohorts. The framework is first tested on synthetic data and then applied to multi-centric, multi-database studies including ADNI, PPMI, MIRIAD and UK Biobank, showing the potential of the approach for further applications in distributed analysis of multi-centric cohorts"
Federated Learning for Data and Model Heterogeneity in Medical Imaging,"Hussain Ahmad Madni, Rao Muhammad Umer, Gian Luca Foresti",2023,arXiv,https://arxiv.org/abs/2308.00155v1,02_fl_in_healthcare,Y,"Federated Learning (FL) is an evolving machine learning method in which multiple clients participate in collaborative learning without sharing their data with each other and the central server. In real-world applications such as hospitals and industries, FL counters the challenges of data heterogeneity and model heterogeneity as an inevitable part of the collaborative training. More specifically, different organizations, such as hospitals, have their own private data and customized models for local training. To the best of our knowledge, the existing methods do not effectively address both problems of model heterogeneity and data heterogeneity in FL. In this paper, we exploit the data and model heterogeneity simultaneously, and propose a method, MDH-FL (Exploiting Model and Data Heterogeneity in FL) to solve such problems to enhance the efficiency of the global model in FL. We use knowledge distillation and a symmetric loss to minimize the heterogeneity and its impact on the model performance. Knowledge distillation is used to solve the problem of model heterogeneity, and symmetric loss tackles with the data and label heterogeneity. We evaluate our method on the medical datasets to conform the real-world scenario of hospitals, and compare with the existing methods. The experimental results demonstrate the superiority of the proposed approach over the other existing methods."
Distribution-Free Federated Learning with Conformal Predictions,"Charles Lu, Jayasheree Kalpathy-Cramer",2021,arXiv,https://arxiv.org/abs/2110.07661v2,02_fl_in_healthcare,Y,"Federated learning has attracted considerable interest for collaborative machine learning in healthcare to leverage separate institutional datasets while maintaining patient privacy. However, additional challenges such as poor calibration and lack of interpretability may also hamper widespread deployment of federated models into clinical practice, leading to user distrust or misuse of ML tools in high-stakes clinical decision-making. In this paper, we propose to address these challenges by incorporating an adaptive conformal framework into federated learning to ensure distribution-free prediction sets that provide coverage guarantees. Importantly, these uncertainty estimates can be obtained without requiring any additional modifications to the model. Empirical results on the MedMNIST medical imaging benchmark demonstrate our federated method provides tighter coverage over local conformal predictions on 6 different medical imaging datasets for 2D and 3D multi-class classification tasks. Furthermore, we correlate class entropy with prediction set size to assess task uncertainty."
Medical Federated Model with Mixture of Personalized and Sharing Components,"Yawei Zhao, Qinghe Liu, Xinwang Liu, Kunlun He",2023,arXiv,https://arxiv.org/abs/2306.14483v1,02_fl_in_healthcare,Y,"Although data-driven methods usually have noticeable performance on disease diagnosis and treatment, they are suspected of leakage of privacy due to collecting data for model training. Recently, federated learning provides a secure and trustable alternative to collaboratively train model without any exchange of medical data among multiple institutes. Therefore, it has draw much attention due to its natural merit on privacy protection. However, when heterogenous medical data exists between different hospitals, federated learning usually has to face with degradation of performance. In the paper, we propose a new personalized framework of federated learning to handle the problem. It successfully yields personalized models based on awareness of similarity between local data, and achieves better tradeoff between generalization and personalization than existing methods. After that, we further design a differentially sparse regularizer to improve communication efficiency during procedure of model training. Additionally, we propose an effective method to reduce the computational cost, which improves computation efficiency significantly. Furthermore, we collect 5 real medical datasets, including 2 public medical image datasets and 3 private multi-center clinical diagnosis datasets, and evaluate its performance by conducting nodule classification, tumor segmentation, and clinical risk prediction tasks. Comparing with 13 existing related methods, the proposed method successfully achieves the best model performance, and meanwhile up to 60% improvement of communication efficiency. Source code is public, and can be accessed at: https://github.com/ApplicationTechnologyOfMedicalBigData/pFedNet-code."
Efficient Vertical Federated Learning with Secure Aggregation,"Xinchi Qiu, Heng Pan, Wanru Zhao, Chenyang Ma, Pedro Porto Buarque de Gusmão, Nicholas D. Lane",2023,arXiv,https://arxiv.org/abs/2305.11236v1,02_fl_in_healthcare,Y,"The majority of work in privacy-preserving federated learning (FL) has been focusing on horizontally partitioned datasets where clients share the same sets of features and can train complete models independently. However, in many interesting problems, such as financial fraud detection and disease detection, individual data points are scattered across different clients/organizations in vertical federated learning. Solutions for this type of FL require the exchange of gradients between participants and rarely consider privacy and security concerns, posing a potential risk of privacy leakage. In this work, we present a novel design for training vertical FL securely and efficiently using state-of-the-art security modules for secure aggregation. We demonstrate empirically that our method does not impact training performance whilst obtaining 9.1e2 ~3.8e4 speedup compared to homomorphic encryption (HE)."
Incentive-Based Federated Learning: Architectural Elements and Future Directions,"Chanuka A. S. Hewa Kaluannakkage, Rajkumar Buyya",2025,arXiv,https://arxiv.org/abs/2510.14208v2,02_fl_in_healthcare,Y,"Federated learning promises to revolutionize machine learning by enabling collaborative model training without compromising data privacy. However, practical adaptability can be limited by critical factors, such as the participation dilemma. Participating entities are often unwilling to contribute to a learning system unless they receive some benefits, or they may pretend to participate and free-ride on others. This chapter identifies the fundamental challenges in designing incentive mechanisms for federated learning systems. It examines how foundational concepts from economics and game theory can be applied to federated learning, alongside technology-driven solutions such as blockchain and deep reinforcement learning. This work presents a comprehensive taxonomy that thoroughly covers both centralized and decentralized architectures based on the aforementioned theoretical concepts. Furthermore, the concepts described are presented from an application perspective, covering emerging industrial applications, including healthcare, smart infrastructure, vehicular networks, and blockchain-based decentralized systems. Through this exploration, this chapter demonstrates that well-designed incentive mechanisms are not merely optional features but essential components for the practical success of federated learning. This analysis reveals both the promising solutions that have emerged and the significant challenges that remain in building truly sustainable, fair, and robust federated learning ecosystems."
"Fed-BioMed: Open, Transparent and Trusted Federated Learning for Real-world Healthcare Applications","Francesco Cremonesi, Marc Vesin, Sergen Cansiz, Yannick Bouillard, Irene Balelli, Lucia Innocenti, Santiago Silva, Samy-Safwan Ayed, Riccardo Taiello, Laetita Kameni, Richard Vidal, Fanny Orlhac, Christophe Nioche, Nathan Lapel, Bastien Houis, Romain Modzelewski, Olivier Humbert, Melek Önen, Marco Lorenzi",2023,arXiv,https://arxiv.org/abs/2304.12012v1,02_fl_in_healthcare,Y,"The real-world implementation of federated learning is complex and requires research and development actions at the crossroad between different domains ranging from data science, to software programming, networking, and security. While today several FL libraries are proposed to data scientists and users, most of these frameworks are not designed to find seamless application in medical use-cases, due to the specific challenges and requirements of working with medical data and hospital infrastructures. Moreover, governance, design principles, and security assumptions of these frameworks are generally not clearly illustrated, thus preventing the adoption in sensitive applications. Motivated by the current technological landscape of FL in healthcare, in this document we present Fed-BioMed: a research and development initiative aiming at translating federated learning (FL) into real-world medical research applications. We describe our design space, targeted users, domain constraints, and how these factors affect our current and future software architecture."
From Challenges and Pitfalls to Recommendations and Opportunities: Implementing Federated Learning in Healthcare,"Ming Li, Pengcheng Xu, Junjie Hu, Zeyu Tang, Guang Yang",2024,arXiv,https://arxiv.org/abs/2409.09727v2,02_fl_in_healthcare,Y,"Federated learning holds great potential for enabling large-scale healthcare research and collaboration across multiple centres while ensuring data privacy and security are not compromised. Although numerous recent studies suggest or utilize federated learning based methods in healthcare, it remains unclear which ones have potential clinical utility. This review paper considers and analyzes the most recent studies up to May 2024 that describe federated learning based methods in healthcare. After a thorough review, we find that the vast majority are not appropriate for clinical use due to their methodological flaws and/or underlying biases which include but are not limited to privacy concerns, generalization issues, and communication costs. As a result, the effectiveness of federated learning in healthcare is significantly compromised. To overcome these challenges, we provide recommendations and promising opportunities that might be implemented to resolve these problems and improve the quality of model development in federated learning with healthcare."
Personalized Federated Learning with Attention-based Client Selection,"Zihan Chen, Jundong Li, Cong Shen",2023,arXiv,https://arxiv.org/abs/2312.15148v1,03_personalized_fl,Y,"Personalized Federated Learning (PFL) relies on collective data knowledge to build customized models. However, non-IID data between clients poses significant challenges, as collaborating with clients who have diverse data distributions can harm local model performance, especially with limited training data. To address this issue, we propose FedACS, a new PFL algorithm with an Attention-based Client Selection mechanism. FedACS integrates an attention mechanism to enhance collaboration among clients with similar data distributions and mitigate the data scarcity issue. It prioritizes and allocates resources based on data similarity. We further establish the theoretical convergence behavior of FedACS. Experiments on CIFAR10 and FMNIST validate FedACS's superiority, showcasing its potential to advance personalized federated learning. By tackling non-IID data challenges and data scarcity, FedACS offers promising advances in the field of personalized federated learning."
PSI-PFL: Population Stability Index for Client Selection in non-IID Personalized Federated Learning,"Daniel-M. Jimenez-Gutierrez, David Solans, Mohammed Elbamby, Nicolas Kourtellis",2025,arXiv,https://arxiv.org/abs/2506.00440v1,03_personalized_fl,Y,"Federated Learning (FL) enables decentralized machine learning (ML) model training while preserving data privacy by keeping data localized across clients. However, non-independent and identically distributed (non-IID) data across clients poses a significant challenge, leading to skewed model updates and performance degradation. Addressing this, we propose PSI-PFL, a novel client selection framework for Personalized Federated Learning (PFL) that leverages the Population Stability Index (PSI) to quantify and mitigate data heterogeneity (so-called non-IIDness). Our approach selects more homogeneous clients based on PSI, reducing the impact of label skew, one of the most detrimental factors in FL performance. Experimental results over multiple data modalities (tabular, image, text) demonstrate that PSI-PFL significantly improves global model accuracy, outperforming state-of-the-art baselines by up to 10\% under non-IID scenarios while ensuring fairer local performance. PSI-PFL enhances FL performance and offers practical benefits in applications where data privacy and heterogeneity are critical."
FedLBW: A Loss-Based Weighting Strategy for Federated Learning on Non-IID Data in Wireless Networks,"Majid Kundroo, Tinku Singh, Taehong Kim",2026,arXiv,https://arxiv.org/abs/2608.07007v1,03_personalized_fl,Y,"Federated Learning (FL) enables collaborative machine learning (ML) across distributed clients while preserving privacy. However, efficient model convergence in FL remains challenging, especially in wireless networks where non-independent and identically distributed (non-IID) data and frequent client dropouts are common. Traditional FL algorithms, such as FedAvg, rely solely on dataset size to weight client updates. This introduces biases towards clients with larger datasets and makes the process sensitive to non-IID data, outliers, and client dropouts. To address these challenges, we propose Federated Learning with Loss-Based Weighting (FedLBW), a novel aggregation method that assigns each client's update a weight proportional to the inverse of its validation loss, computed using a small proxy dataset on the server, rather than its dataset size. This ensures that lower-loss models exert greater influence during aggregation, prioritizing the most reliable updates and boosting overall performance. Through extensive experiments across multiple datasets, including FashionMNIST (CNN), CIFAR-10 (ResNet-18), and CIFAR-100 (ResNet-34), we demonstrate that FedLBW achieves higher accuracy and faster convergence compared to baseline algorithms such as FedAvg, FedAvgM, FedProx, FedNova, FedLAW and FedDkw, with notable improvements of up to 7.6 % higher accuracy on CIFAR-10 in extreme non-IID cases. Moreover, FedLBW showcases exceptional resilience to increasing dropout probabilities, consistently maintaining significantly higher accuracy even in challenging conditions. These results establish FedLBW as an effective and resilient solution for FL in wireless network environments, offering marked improvements in model accuracy, convergence speed, and robustness to non-IID data and client dropouts."
Client Adaptation improves Federated Learning with Simulated Non-IID Clients,"Laura Rieger, Rasmus M. Th. Høegh, Lars K. Hansen",2020,arXiv,https://arxiv.org/abs/2007.04806v1,03_personalized_fl,Y,"We present a federated learning approach for learning a client adaptable, robust model when data is non-identically and non-independently distributed (non-IID) across clients. By simulating heterogeneous clients, we show that adding learned client-specific conditioning improves model performance, and the approach is shown to work on balanced and imbalanced data set from both audio and image domains. The client adaptation is implemented by a conditional gated activation unit and is particularly beneficial when there are large differences between the data distribution for each client, a common scenario in federated learning."
Overcoming Forgetting in Federated Learning on Non-IID Data,"Neta Shoham, Tomer Avidor, Aviv Keren, Nadav Israel, Daniel Benditkis, Liron Mor-Yosef, Itai Zeitak",2019,arXiv,https://arxiv.org/abs/1910.07796v1,03_personalized_fl,Y,"We tackle the problem of Federated Learning in the non i.i.d. case, in which local models drift apart, inhibiting learning. Building on an analogy with Lifelong Learning, we adapt a solution for catastrophic forgetting to Federated Learning. We add a penalty term to the loss function, compelling all local models to converge to a shared optimum. We show that this can be done efficiently for communication (adding no further privacy risks), scaling with the number of nodes in the distributed setting. Our experiments show that this method is superior to competing ones for image recognition on the MNIST dataset."
FedClassAvg: Local Representation Learning for Personalized Federated Learning on Heterogeneous Neural Networks,"Jaehee Jang, Heonseok Ha, Dahuin Jung, Sungroh Yoon",2022,arXiv,https://arxiv.org/abs/2210.14226v2,03_personalized_fl,Y,"Personalized federated learning is aimed at allowing numerous clients to train personalized models while participating in collaborative training in a communication-efficient manner without exchanging private data. However, many personalized federated learning algorithms assume that clients have the same neural network architecture, and those for heterogeneous models remain understudied. In this study, we propose a novel personalized federated learning method called federated classifier averaging (FedClassAvg). Deep neural networks for supervised learning tasks consist of feature extractor and classifier layers. FedClassAvg aggregates classifier weights as an agreement on decision boundaries on feature spaces so that clients with not independently and identically distributed (non-iid) data can learn about scarce labels. In addition, local feature representation learning is applied to stabilize the decision boundaries and improve the local feature extraction capabilities for clients. While the existing methods require the collection of auxiliary data or model weights to generate a counterpart, FedClassAvg only requires clients to communicate with a couple of fully connected layers, which is highly communication-efficient. Moreover, FedClassAvg does not require extra optimization problems such as knowledge transfer, which requires intensive computation overhead. We evaluated FedClassAvg through extensive experiments and demonstrated it outperforms the current state-of-the-art algorithms on heterogeneous personalized federated learning tasks."
Integrating Personalized Federated Learning with Control Systems for Enhanced Performance,"Alice Smith, Bob Johnson, Michael Geller",2025,arXiv,https://arxiv.org/abs/2501.15728v1,03_personalized_fl,Y,"In the expanding field of machine learning, federated learning has emerged as a pivotal methodology for distributed data environments, ensuring privacy while leveraging decentralized data sources. However, the heterogeneity of client data and the need for tailored models necessitate the integration of personalization techniques to enhance learning efficacy and model performance. This paper introduces a novel framework that amalgamates personalized federated learning with robust control systems, aimed at optimizing both the learning process and the control of data flow across diverse networked environments. Our approach harnesses personalized algorithms that adapt to the unique characteristics of each client's data, thereby improving the relevance and accuracy of the model for individual nodes without compromising the overall system performance. To manage and control the learning process across the network, we employ a sophisticated control system that dynamically adjusts the parameters based on real-time feedback and system states, ensuring stability and efficiency. Through rigorous experimentation, we demonstrate that our integrated system not only outperforms standard federated learning models in terms of accuracy and learning speed but also maintains system integrity and robustness in face of varying network conditions and data distributions. The experimental results, obtained from a multi-client simulated environment with non-IID data distributions, underscore the benefits of integrating control systems into personalized federated learning frameworks, particularly in scenarios demanding high reliability and precision."
Federated Learning with GAN-based Data Synthesis for Non-IID Clients,"Zijian Li, Jiawei Shao, Yuyi Mao, Jessie Hui Wang, Jun Zhang",2022,arXiv,https://arxiv.org/abs/2206.05507v1,03_personalized_fl,Y,"Federated learning (FL) has recently emerged as a popular privacy-preserving collaborative learning paradigm. However, it suffers from the non-independent and identically distributed (non-IID) data among clients. In this paper, we propose a novel framework, named Synthetic Data Aided Federated Learning (SDA-FL), to resolve this non-IID challenge by sharing synthetic data. Specifically, each client pretrains a local generative adversarial network (GAN) to generate differentially private synthetic data, which are uploaded to the parameter server (PS) to construct a global shared synthetic dataset. To generate confident pseudo labels for the synthetic dataset, we also propose an iterative pseudo labeling mechanism performed by the PS. A combination of the local private dataset and synthetic dataset with confident pseudo labels leads to nearly identical data distributions among clients, which improves the consistency among local models and benefits the global aggregation. Extensive experiments evidence that the proposed framework outperforms the baseline methods by a large margin in several benchmark datasets under both the supervised and semi-supervised settings."
APFL: Analytic Personalized Federated Learning via Dual-Stream Least Squares,"Kejia Fan, Jianheng Tang, Zhirui Yang, Feijiang Han, Jiaxu Li, Run He, Yajiang Huang, Anfeng Liu, Houbing Herbert Song, Yunhuai Liu, Huiping Zhuang",2025,arXiv,https://arxiv.org/abs/2508.10732v1,03_personalized_fl,Y,"Personalized Federated Learning (PFL) has presented a significant challenge to deliver personalized models to individual clients through collaborative training. Existing PFL methods are often vulnerable to non-IID data, which severely hinders collective generalization and then compromises the subsequent personalization efforts. In this paper, to address this non-IID issue in PFL, we propose an Analytic Personalized Federated Learning (APFL) approach via dual-stream least squares. In our APFL, we use a foundation model as a frozen backbone for feature extraction. Subsequent to the feature extractor, we develop dual-stream analytic models to achieve both collective generalization and individual personalization. Specifically, our APFL incorporates a shared primary stream for global generalization across all clients, and a dedicated refinement stream for local personalization of each individual client. The analytical solutions of our APFL enable its ideal property of heterogeneity invariance, theoretically meaning that each personalized model remains identical regardless of how heterogeneous the data are distributed across all other clients. Empirical results across various datasets also validate the superiority of our APFL over state-of-the-art baselines, with advantages of at least 1.10%-15.45% in accuracy."
FedHiP: Heterogeneity-Invariant Personalized Federated Learning Through Closed-Form Solutions,"Jianheng Tang, Zhirui Yang, Jingchao Wang, Kejia Fan, Jinfeng Xu, Huiping Zhuang, Anfeng Liu, Houbing Herbert Song, Leye Wang, Yunhuai Liu",2025,arXiv,https://arxiv.org/abs/2508.04470v1,03_personalized_fl,Y,"Lately, Personalized Federated Learning (PFL) has emerged as a prevalent paradigm to deliver personalized models by collaboratively training while simultaneously adapting to each client's local applications. Existing PFL methods typically face a significant challenge due to the ubiquitous data heterogeneity (i.e., non-IID data) across clients, which severely hinders convergence and degrades performance. We identify that the root issue lies in the long-standing reliance on gradient-based updates, which are inherently sensitive to non-IID data. To fundamentally address this issue and bridge the research gap, in this paper, we propose a Heterogeneity-invariant Personalized Federated learning scheme, named FedHiP, through analytical (i.e., closed-form) solutions to avoid gradient-based updates. Specifically, we exploit the trend of self-supervised pre-training, leveraging a foundation model as a frozen backbone for gradient-free feature extraction. Following the feature extractor, we further develop an analytic classifier for gradient-free training. To support both collective generalization and individual personalization, our FedHiP scheme incorporates three phases: analytic local training, analytic global aggregation, and analytic local personalization. The closed-form solutions of our FedHiP scheme enable its ideal property of heterogeneity invariance, meaning that each personalized model remains identical regardless of how non-IID the data are distributed across all other clients. Extensive experiments on benchmark datasets validate the superiority of our FedHiP scheme, outperforming the state-of-the-art baselines by at least 5.79%-20.97% in accuracy."
Towards Personalized Federated Learning via Heterogeneous Model Reassembly,"Jiaqi Wang, Xingyi Yang, Suhan Cui, Liwei Che, Lingjuan Lyu, Dongkuan Xu, Fenglong Ma",2023,arXiv,https://arxiv.org/abs/2308.08643v3,03_personalized_fl,Y,"This paper focuses on addressing the practical yet challenging problem of model heterogeneity in federated learning, where clients possess models with different network structures. To track this problem, we propose a novel framework called pFedHR, which leverages heterogeneous model reassembly to achieve personalized federated learning. In particular, we approach the problem of heterogeneous model personalization as a model-matching optimization task on the server side. Moreover, pFedHR automatically and dynamically generates informative and diverse personalized candidates with minimal human intervention. Furthermore, our proposed heterogeneous model reassembly technique mitigates the adverse impact introduced by using public data with different distributions from the client data to a certain extent. Experimental results demonstrate that pFedHR outperforms baselines on three datasets under both IID and Non-IID settings. Additionally, pFedHR effectively reduces the adverse impact of using different public data and dynamically generates diverse personalized models in an automated manner."
Mitigating Membership Inference Vulnerability in Personalized Federated Learning,"Kangsoo Jung, Sayan Biswas, Catuscia Palamidessi",2025,arXiv,https://arxiv.org/abs/2503.09414v1,03_personalized_fl,Y,"Federated Learning (FL) has emerged as a promising paradigm for collaborative model training without the need to share clients' personal data, thereby preserving privacy. However, the non-IID nature of the clients' data introduces major challenges for FL, highlighting the importance of personalized federated learning (PFL) methods. In PFL, models are trained to cater to specific feature distributions present in the population data. A notable method for PFL is the Iterative Federated Clustering Algorithm (IFCA), which mitigates the concerns associated with the non-IID-ness by grouping clients with similar data distributions. While it has been shown that IFCA enhances both accuracy and fairness, its strategy of dividing the population into smaller clusters increases vulnerability to Membership Inference Attacks (MIA), particularly among minorities with limited training samples. In this paper, we introduce IFCA-MIR, an improved version of IFCA that integrates MIA risk assessment into the clustering process. Allowing clients to select clusters based on both model performance and MIA vulnerability, IFCA-MIR achieves an improved performance with respect to accuracy, fairness, and privacy. We demonstrate that IFCA-MIR significantly reduces MIA risk while maintaining comparable model accuracy and fairness as the original IFCA."
Explainable artificial intelligence for Healthcare applications using Random Forest Classifier with LIME and SHAP,"Mrutyunjaya Panda, Soumya Ranjan Mahanta",2023,arXiv,https://arxiv.org/abs/2311.05665v1,04_explainable_ai_clinical,Y,"With the advances in computationally efficient artificial Intelligence (AI) techniques and their numerous applications in our everyday life, there is a pressing need to understand the computational details hidden in black box AI techniques such as most popular machine learning and deep learning techniques; through more detailed explanations. The origin of explainable AI (xAI) is coined from these challenges and recently gained more attention by the researchers by adding explainability comprehensively in traditional AI systems. This leads to develop an appropriate framework for successful applications of xAI in real life scenarios with respect to innovations, risk mitigation, ethical issues and logical values to the users. In this book chapter, an in-depth analysis of several xAI frameworks and methods including LIME (Local Interpretable Model-agnostic Explanations) and SHAP (SHapley Additive exPlanations) are provided. Random Forest Classifier as black box AI is used on a publicly available Diabetes symptoms dataset with LIME and SHAP for better interpretations. The results obtained are interesting in terms of transparency, valid and trustworthiness in diabetes disease prediction."
Why we do need Explainable AI for Healthcare,"Giovanni Cinà, Tabea Röber, Rob Goedhart, Ilker Birbil",2022,arXiv,https://arxiv.org/abs/2206.15363v1,04_explainable_ai_clinical,Y,"The recent spike in certified Artificial Intelligence (AI) tools for healthcare has renewed the debate around adoption of this technology. One thread of such debate concerns Explainable AI and its promise to render AI devices more transparent and trustworthy. A few voices active in the medical AI space have expressed concerns on the reliability of Explainable AI techniques, questioning their use and inclusion in guidelines and standards. Revisiting such criticisms, this article offers a balanced and comprehensive perspective on the utility of Explainable AI, focusing on the specificity of clinical applications of AI and placing them in the context of healthcare interventions. Against its detractors and despite valid concerns, we argue that the Explainable AI research program is still central to human-machine interaction and ultimately our main tool against loss of control, a danger that cannot be prevented by rigorous clinical validation alone."
FunnyNodules: A Customizable Medical Dataset Tailored for Evaluating Explainable AI,"Luisa Gallée, Yiheng Xiong, Meinrad Beer, Michael Götz",2025,arXiv,https://arxiv.org/abs/2511.15481v3,04_explainable_ai_clinical,Y,"Densely annotated medical image datasets that capture not only diagnostic labels but also the underlying reasoning behind these diagnoses are scarce. Such reasoning-related annotations are essential for developing and evaluating explainable AI (xAI) models that reason similarly to radiologists: making correct predictions for the right reasons. To address this gap, we introduce FunnyNodules, a fully parameterized synthetic dataset designed for systematic analysis of attribute-based reasoning in medical AI models. The dataset generates abstract, lung nodule-like shapes with controllable visual attributes such as roundness, margin sharpness, and spiculation. The target class is derived from a predefined attribute combination, allowing full control over the decision rule that links attributes to the diagnostic class. We demonstrate how FunnyNodules can be used in model-agnostic evaluations to assess whether models learn correct attribute-target relations, to interpret over- or underperformance in attribute prediction, and to analyze attention alignment with attribute-specific regions of interest. The framework is fully customizable, supporting variations in dataset complexity, target definitions, class balance, and beyond. With complete ground truth information, FunnyNodules provides a versatile foundation for developing, benchmarking, and conducting in-depth analyses of explainable AI methods in medical image analysis."
Explainable AI for Securing Healthcare in IoT-Integrated 6G Wireless Networks,"Navneet Kaur, Lav Gupta",2025,arXiv,https://arxiv.org/abs/2505.14659v1,04_explainable_ai_clinical,Y,"As healthcare systems increasingly adopt advanced wireless networks and connected devices, securing medical applications has become critical. The integration of Internet of Medical Things devices, such as robotic surgical tools, intensive care systems, and wearable monitors has enhanced patient care but introduced serious security risks. Cyberattacks on these devices can lead to life threatening consequences, including surgical errors, equipment failure, and data breaches. While the ITU IMT 2030 vision highlights 6G's transformative role in healthcare through AI and cloud integration, it also raises new security concerns. This paper explores how explainable AI techniques like SHAP, LIME, and DiCE can uncover vulnerabilities, strengthen defenses, and improve trust and transparency in 6G enabled healthcare. We support our approach with experimental analysis and highlight promising results."
Explainable AI meets Healthcare: A Study on Heart Disease Dataset,"Devam Dave, Het Naik, Smiti Singhal, Pankesh Patel",2020,arXiv,https://arxiv.org/abs/2011.03195v1,04_explainable_ai_clinical,Y,"With the increasing availability of structured and unstructured data and the swift progress of analytical techniques, Artificial Intelligence (AI) is bringing a revolution to the healthcare industry. With the increasingly indispensable role of AI in healthcare, there are growing concerns over the lack of transparency and explainability in addition to potential bias encountered by predictions of the model. This is where Explainable Artificial Intelligence (XAI) comes into the picture. XAI increases the trust placed in an AI system by medical practitioners as well as AI researchers, and thus, eventually, leads to an increasingly widespread deployment of AI in healthcare. In this paper, we present different interpretability techniques. The aim is to enlighten practitioners on the understandability and interpretability of explainable AI systems using a variety of techniques available which can be very advantageous in the health-care domain. Medical diagnosis model is responsible for human life and we need to be confident enough to treat a patient as instructed by a black-box model. Our paper contains examples based on the heart disease dataset and elucidates on how the explainability techniques should be preferred to create trustworthiness while using AI systems in healthcare."
Towards objective and systematic evaluation of bias in artificial intelligence for medical imaging,"Emma A. M. Stanley, Raissa Souza, Anthony Winder, Vedant Gulve, Kimberly Amador, Matthias Wilms, Nils D. Forkert",2023,arXiv,https://arxiv.org/abs/2311.02115v2,04_explainable_ai_clinical,Y,"Artificial intelligence (AI) models trained using medical images for clinical tasks often exhibit bias in the form of disparities in performance between subgroups. Since not all sources of biases in real-world medical imaging data are easily identifiable, it is challenging to comprehensively assess how those biases are encoded in models, and how capable bias mitigation methods are at ameliorating performance disparities. In this article, we introduce a novel analysis framework for systematically and objectively investigating the impact of biases in medical images on AI models. We developed and tested this framework for conducting controlled in silico trials to assess bias in medical imaging AI using a tool for generating synthetic magnetic resonance images with known disease effects and sources of bias. The feasibility is showcased by using three counterfactual bias scenarios to measure the impact of simulated bias effects on a convolutional neural network (CNN) classifier and the efficacy of three bias mitigation strategies. The analysis revealed that the simulated biases resulted in expected subgroup performance disparities when the CNN was trained on the synthetic datasets. Moreover, reweighing was identified as the most successful bias mitigation strategy for this setup, and we demonstrated how explainable AI methods can aid in investigating the manifestation of bias in the model using this framework. Developing fair AI models is a considerable challenge given that many and often unknown sources of biases can be present in medical imaging datasets. In this work, we present a novel methodology to objectively study the impact of biases and mitigation strategies on deep learning pipelines, which can support the development of clinical AI that is robust and responsible."
Explainable AI for survival analysis: a median-SHAP approach,"Lucile Ter-Minassian, Sahra Ghalebikesabi, Karla Diaz-Ordaz, Chris Holmes",2024,arXiv,https://arxiv.org/abs/2402.00072v1,04_explainable_ai_clinical,Y,"With the adoption of machine learning into routine clinical practice comes the need for Explainable AI methods tailored to medical applications. Shapley values have sparked wide interest for locally explaining models. Here, we demonstrate their interpretation strongly depends on both the summary statistic and the estimator for it, which in turn define what we identify as an 'anchor point'. We show that the convention of using a mean anchor point may generate misleading interpretations for survival analysis and introduce median-SHAP, a method for explaining black-box models predicting individual survival times."
Blockchain-Enabled Explainable AI for Trusted Healthcare Systems,Md Talha Mohsin,2025,arXiv,https://arxiv.org/abs/2509.14987v1,04_explainable_ai_clinical,Y,"This paper introduces a Blockchain-Integrated Explainable AI Framework (BXHF) for healthcare systems to tackle two essential challenges confronting health information networks: safe data exchange and comprehensible AI-driven clinical decision-making. Our architecture incorporates blockchain, ensuring patient records are immutable, auditable, and tamper-proof, alongside Explainable AI (XAI) methodologies that yield transparent and clinically relevant model predictions. By incorporating security assurances and interpretability requirements into a unified optimization pipeline, BXHF ensures both data-level trust (by verified and encrypted record sharing) and decision-level trust (with auditable and clinically aligned explanations). Its hybrid edge-cloud architecture allows for federated computation across different institutions, enabling collaborative analytics while protecting patient privacy. We demonstrate the framework's applicability through use cases such as cross-border clinical research networks, uncommon illness detection and high-risk intervention decision support. By ensuring transparency, auditability, and regulatory compliance, BXHF improves the credibility, uptake, and effectiveness of AI in healthcare, laying the groundwork for safer and more reliable clinical decision-making."
"Explainable AI in Healthcare: to Explain, to Predict, or to Describe?","Alex Carriero, Anne de Hond, Bram Cappers, Fernando Paulovich, Sanne Abeln, Karel GM Moons, Maarten van Smeden",2025,arXiv,https://arxiv.org/abs/2508.05753v1,04_explainable_ai_clinical,Y,"Explainable Artificial Intelligence (AI) methods are designed to provide information about how AI-based models make predictions. In healthcare, there is a widespread expectation that these methods will provide relevant and accurate information about a model's inner-workings to different stakeholders (ranging from patients and healthcare providers to AI and medical guideline developers). This is a challenging endeavour since what qualifies as relevant information may differ greatly depending on the stakeholder. For many stakeholders, relevant explanations are causal in nature, yet, explainable AI methods are often not able to deliver this information. Using the Describe-Predict-Explain framework, we argue that Explainable AI methods are good descriptive tools, as they may help to describe how a model works but are limited in their ability to explain why a model works in terms of true underlying biological mechanisms and cause-and-effect relations. This limits the suitability of explainable AI methods to provide actionable advice to patients or to judge the face validity of AI-based models."
AI-Powered Dermatological Diagnosis: From Interpretable Models to Clinical Implementation A Comprehensive Framework for Accessible and Trustworthy Skin Disease Detection,"Satya Narayana Panda, Vaishnavi Kukkala, Spandana Iyer",2025,arXiv,https://arxiv.org/abs/2512.16235v1,04_explainable_ai_clinical,Y,"Dermatological conditions affect 1.9 billion people globally, yet accurate diagnosis remains challenging due to limited specialist availability and complex clinical presentations. Family history significantly influences skin disease susceptibility and treatment responses, but is often underutilized in diagnostic processes. This research addresses the critical question: How can AI-powered systems integrate family history data with clinical imaging to enhance dermatological diagnosis while supporting clinical trial validation and real-world implementation? We developed a comprehensive multi-modal AI framework that combines deep learning-based image analysis with structured clinical data, including detailed family history patterns. Our approach employs interpretable convolutional neural networks integrated with clinical decision trees that incorporate hereditary risk factors. The methodology includes prospective clinical trials across diverse healthcare settings to validate AI-assisted diagnosis against traditional clinical assessment. In this work, validation was conducted with healthcare professionals to assess AI-assisted outputs against clinical expectations; prospective clinical trials across diverse healthcare settings are proposed as future work. The integrated AI system demonstrates enhanced diagnostic accuracy when family history data is incorporated, particularly for hereditary skin conditions such as melanoma, psoriasis, and atopic dermatitis. Expert feedback indicates potential for improved early detection and more personalized recommendations; formal clinical trials are planned. The framework is designed for integration into clinical workflows while maintaining interpretability through explainable AI mechanisms."
Legally-Informed Explainable AI,"Gennie Mansi, Naveena Karusala, Mark Riedl",2025,arXiv,https://arxiv.org/abs/2504.10708v1,04_explainable_ai_clinical,Y,"Explanations for artificial intelligence (AI) systems are intended to support the people who are impacted by AI systems in high-stakes decision-making environments, such as doctors, patients, teachers, students, housing applicants, and many others. To protect people and support the responsible development of AI, explanations need to be actionable--helping people take pragmatic action in response to an AI system--and contestable--enabling people to push back against an AI system and its determinations. For many high-stakes domains, such as healthcare, education, and finance, the sociotechnical environment includes significant legal implications that impact how people use AI explanations. For example, physicians who use AI decision support systems may need information on how accepting or rejecting an AI determination will protect them from lawsuits or help them advocate for their patients. In this paper, we make the case for Legally-Informed Explainable AI, responding to the need to integrate and design for legal considerations when creating AI explanations. We describe three stakeholder groups with different informational and actionability needs, and provide practical recommendations to tackle design challenges around the design of explainable AI systems that incorporate legal considerations."
Guidelines and Evaluation of Clinical Explainable AI in Medical Image Analysis,"Weina Jin, Xiaoxiao Li, Mostafa Fatehi, Ghassan Hamarneh",2022,arXiv,https://arxiv.org/abs/2202.10553v3,04_explainable_ai_clinical,Y,"Explainable artificial intelligence (XAI) is essential for enabling clinical users to get informed decision support from AI and comply with evidence-based medical practice. Applying XAI in clinical settings requires proper evaluation criteria to ensure the explanation technique is both technically sound and clinically useful, but specific support is lacking to achieve this goal. To bridge the research gap, we propose the Clinical XAI Guidelines that consist of five criteria a clinical XAI needs to be optimized for. The guidelines recommend choosing an explanation form based on Guideline 1 (G1) Understandability and G2 Clinical relevance. For the chosen explanation form, its specific XAI technique should be optimized for G3 Truthfulness, G4 Informative plausibility, and G5 Computational efficiency. Following the guidelines, we conducted a systematic evaluation on a novel problem of multi-modal medical image explanation with two clinical tasks, and proposed new evaluation metrics accordingly. Sixteen commonly-used heatmap XAI techniques were evaluated and found to be insufficient for clinical use due to their failure in G3 and G4. Our evaluation demonstrated the use of Clinical XAI Guidelines to support the design and evaluation of clinically viable XAI."
